system,res,smiles1,smiles2,Label1,Label2,Label,psichic1,psichic2,bind1,bind2,Plapt1,Plapt2,Glide1,Glide2,MMGBSA1,MMGBSA2,RTMScore1,RTMScore2,Onionnet1,Onionnet2,glide_pre,glide_error,mmgbsa_pre,mmgbsa_error,psichic_pre,psichic_error,bind_pre,bind_error,Plapt_pre,Plapt_error,pignet_pre,pignet_error,RTMScore_pre,RTMScore_error,Onionnet_pre,Onionnet_error,PBCNet_pre,PBCNet_error,PBCNet2_pre,PBCNet2_error,pignet1,pignet2,GenScore1,GenScore2
4NBL,AFYKREMFDPAEKYKMDHRRRGIALIFNHERFFWHLTLPERRGTCADRDNLTRRFSDLGFEVKCFNDLKAEELLLKIHEVSTVSHADADCFVCVFLSHGEGNHIYAYDAKIEIQTLTGLFKGDKCHSLVGKPKIFIIQAARGNQHDVPVIPDTNITEVDAASVYTLPAGADFLMCYSVAEGYYSHRETVNGSWYIQDLCEMLGKYGSSLEFTELLTLVNRKVSQRRVDFCKDPSAIGKKQVPCFASMLTKKLHFFPKSMFDPAEKYKMDHRRRGIALIFNHERFFWHLTLPERRGTCADRDNLTRRFSDLGFEVKCFNDLKAEELLLKIHEVSTVSHADADCFVCVFLSHGEGNHIYAYDAKIEIQTLTGLFKGDKCHSLVGKPKIFIIQAARGNTNITEVDAASVYTLPAGADFLMCYSVAEGYYSHRETVNGSWYIQDLCEMLGKYGSSLEFTELLTLVNRKVSQRRVDFCKDPSAIGKKQVPCFASMLTKKLHFFPK,c1cc(F)cc(O)c1CNc(nccc2)c2-c3ncccn3,c1cccc(O)c1CNc(nccc2)c2-c3ncccn3,6.327902142,5.537602002,0.79030014,4.99,4.99,4.8568,4.98335,5.301673889,4.891396999,5.87086353,5.70883819,44.49700874,45.48986659,30.36873733,27.99975839,4.057,4.557,0.16202534,0.6282748,-0.99285785,1.78315799,0,0.79030014,-0.12655,0.91685014,0.41027689,0.38002325,2.017153882,-1.226853742,2.36897894,-1.5786788,-0.5,1.29030014,0.37,0.42030014,1.17,-0.37969986,-8.657,-7.125,38.20597714,42.08094369
4OG6,GLKAAQKTLFPLRSIDDVVRLFAAELGREEPDLVLLSLVLGFVEHFLAVNRVGLTYFPVADLSIIAALYARFTAQIRGAVDLSLYPREGGVSSRELVKKVSDVIWNSLSRSYFKDRAHIQSLFSFITGTKLDSSGVAFAVVGACQALGLRDVHLALSEDHAWVVFGPNGEQTAEVTWHGKGNEDRRGQTVNAGVAERSWLYLKGSYMRCDRKMEVAFMVCAINPSIDLHTDSLELLQLQQKLLWLLYDLGHLERYPMALGNLADLEELEPTPGRPDPLTLYHKGIASAKTYYRDEHIYPYMYLAGYHCRNRNVREALQAWADTATVIQDYNYCREDEEIYKEFFEVANDVIPNLLKEAASLLEAGSQGSALQDPECFAHLLRFYDGICKWEEGSPTPVLHVGWATFLVQSLGRFEGQVRQKVRIVSVPGPVLTFQSEKMKGMKELLVATKINSSAIKLQLTAQSQVQMK,N#Cc1ccc(cc1)OCCC[N@H+](CC2)CC[C@@H]2[C@](O)(C3CCCC3)c4cc(F)ccc4,N#Cc1ccc(cc1)OCCC[N@H+](CC2)CC[C@@H]2[C@](O)(C3CCCC3)c4ccccc4,6.705533774,6.408935393,0.296598381,6.02,5.53,5.91334,5.42929,7.494029522,7.54224968,5.605238018,5.504594847,46.81827659,43.29160491,19.77097026,18.66001536,5.955,5.877,0.100643171,0.19595521,3.52667168,-3.230073299,0.49,-0.193401619,0.48405,-0.187451619,-0.048220158,0.344818539,0.332635372,-0.036036991,1.1109549,-0.814356519,0.078,0.218598381,0.31,-0.013401619,0.54,-0.243401619,-10.227,-10.269,46.95034754,49.56830563
4E3N,APQQINDIVHRTITPLIEQQKIPGMAVAVIYQGKPYYFTWGYADIAKKQPVTQQTLFELGSVSKTFTGVLGGDAIARGEIKLSDPTTKYWPELTAKQWNGITLLHLATYTAGGLPLQVPDEVKSSSDLLRFYQNWQPAWAPGTQRLYANSSIGLFGALAVKPSGLSFEQAMQTRVFQPLKLNHTWINVPPAEEKNYAWGYREGKAVHVSPGALDAEAYGVKSTIEDMARWVQSNLKPLDINEKTLQQGIQLAQSRYWQTGDMYQGLGWEMLDWPVNPDSIINGSDNKIALAARPVKAITPPTPAVRASWVHKTGATGGFGSYVAFIPEKELGIVMLANKNYPNPARVDAAWQILNALQ,CNS(=O)(=O)c(c1C(F)(F)F)ccc(c1)-c2[n-]nnn2,CNS(=O)(=O)c(cc1)ccc1-c2[n-]nnn2,10.30103,8.920818754,1.380211242,5.67,4.6,3.93651,3.96167,6.511054039,3.090177059,3.599164602,3.871858036,21.24075314,21.85018116,7.044643073,6.158491874,5.945,5.715,-0.272693434,1.652904676,-0.60942802,1.989639262,1.07,0.310211242,-0.02516,1.405371242,3.42087698,-2.040665738,0.181771984,1.198439258,0.886151199,0.494060043,0.23,1.150211242,0.4,0.980211242,0.76,0.620211242,-2.938,-2.324,17.13833706,14.91831953
5A4L,KVYNDGYDDDNYDYIVKNGEKWMDRYEIDSLIGKGSFGQVVKAYDRVEQEWVAIKIIKNKKAFLNQAQIEVRLLELMNKHDTEMKYYIVHLKRHFMFRNHLCLVFEMLSYNLYDLLRNTNFRGVSLNLTRKFAQQMCTALLFLATPELSIIHCDLKPENILLCNPKRSAIKIVDFGSSCQLGQRIYQyIQSRFYRSPEVLLGMPYDLAIDMWSLGCILVEMHTGEPLFSGANEVDQMNKIVEVLGIPPAHILDQAPKARKFFEKLPDGTWNLKKYKPPGTRKLHNILGVETGGPGGESGHTVADYLKFKDLILRMLDYDPKTRIQPYYALQHSFF,CC(=O)Nc(n1)sc(c12)ccc(F)c2,CC(=O)Nc(n1)sc(c12)cccc2,5.408935393,4.443697499,0.965237894,4.16,4.16,5.41498,5.00585,5.362248421,5.289011955,5.701543611,5.472412545,22.52496366,23.15169315,20.13145152,21.06730589,4.038,4.268,0.229131066,0.736106828,-0.62672949,1.591967384,0,0.965237894,0.40913,0.556107894,0.073236466,0.892001428,0.484970598,0.480267296,-0.93585437,1.901092264,-0.23,1.195237894,0.24,0.725237894,0.87,0.095237894,-4.94,-4.054,7.188999562,7.575994379
5G4O,SVPSQKTYQGSYGFRLGFLHSGTAKSVTCTYSPALNKLFCQLAKTCPVQLWVDSTPPPGTRVRAMAIYKQSQHMTEVVRRCPHHERCSDSDGLAPPQHLIRVEGNLRAEYLDDRNTFRHSVVVPCEPPEVGSDCTTIHYNYMCYSSCMGGMNRRPILTIITLEDSSGNLLGRDSFEVRVCACPGRDRRTEEENLRK,c1cccc(c1c23)n(CC(F)(F)F)c2ccc(c3)C[NH+](C)C,c1cccc(c1c23)n(CC)c2ccc(c3)C[NH+](C)C,4.431798276,3.772113295,0.659684981,5.19,4.65,5.19037,5.47166,7.376268387,7.375741005,7.109838848,6.521194438,38.3966609,37.55475448,44.65798124,40.7989295,3.677,3.403,0.58864441,0.071040571,0.84190642,-0.182221439,0.54,0.119684981,-0.28129,0.940974981,0.000527382,0.659157599,-0.585055577,1.244740558,3.85905174,-3.199366759,0.274,0.385684981,0.37,0.289684981,1.38,-0.720315019,-7.491,-5.671,20.55906591,18.46898296
4I80,GLKAAQKTLFPLRSIDDVVRLFAAELGREEPDLVLLSLVLGFVEHFLAVNRVIPTNVPELTFQPSPAPDPPGGLTYFPVADLSIIAALYARFTAQIRGAVDLSLYPREGGVSSRELVKKVSDVIWNSLSRSYFKDRAHIQSLFSFITGTKLDSSGVAFAVVGACQALGLRDVHLALSEDHAWVVFGPNGEQTAEVTWHGKGNEDRRGQTVNAGVAERSWLYLKGSYMRCDRKMEVAFMVCAINPSIDLHTDSLELLQLQQKLLWLLYDLGHLERYPMALGNLADLEELEPTPGRPDPLTLYHKGIASAKTYYRDEHIYPYMYLAGYHCRNRNVREALQAWADTATVIQDYNYCREDEEIYKEFFEVANDVIPNLLKEAASLLEASALQDPECFAHLLRFYDGICKWEEGSPTPVLHVGWATFLVQSLGRFEGQVRQKVRIVSGTVAGTARGPVLTFQSEKMKGMKELLVATKINSSAIKLQLTA,c1cccc(c12)[nH]cc2C[C@H](NC(=O)[C@@H](NC(=O)C)CCCNC(N)=[NH2+])C(=O)N[C@H](C(=O)N[C@H](C(=O)N([C@@H]34)CCC3)Cc5cc(F)cc(F)c5)CCCCCCCNC(=O)[C@H]6N(CCC6)C(=O)[C@@H](NC(=O)[C@H](C)NC4=O)CCCNC(N)=[NH2+],c1cccc(c12)[nH]cc2C[C@H](NC(=O)[C@@H](NC(=O)C)CCCNC(N)=[NH2+])C(=O)N[C@H](C(=O)N[C@H](C(=O)N([C@@H]34)CCC3)Cc5ccccc5)CCCCCCCNC(=O)[C@H]6N(CCC6)C(=O)[C@@H](NC(=O)[C@H](C)NC4=O)CCCNC(N)=[NH2+],8.327902142,7.573488739,0.754413403,7.25,7.12,6.86679,6.61494,6.420969486,6.128102303,7.39275062,8.072071591,30.17982684,27.97830763,24.75457358,23.49682383,7.473,7.181,-0.679320971,1.433734374,2.20151921,-1.447105807,0.13,0.624413403,0.25185,0.502563403,0.292867183,0.46154622,0.445230974,0.309182429,1.25774975,-0.503336347,0.292,0.462413403,1.14,-0.385586597,1.08,-0.325586597,-6.32,-5.32,36.13675279,39.13770212
3FLN,QERPTFYRQELNKTIWEVPERYQNLSPVGSGAYGSVCAAFDTKTGLRVAVKKLSKPFQSIIHAKRTYRELRLLKHMKHENVIGLLDVFTPARSLEEFNDVYLVTHLMGADLNNIVKTDDHVQFLIYQILRGLKYIHSADIIHRDLKPSNLAVNEDCELKILDFGLTDDEMTGYVATRWYRAPEIMLNWMHYNQTVDIWSVGCIMAELLTGRTLFPGTDHIDQLKLILRLVGTPGAELLKKISSESARNYIQSLTQMPKMNFANVFIGANPLAVDLLEKMLVLDSDKRITAAQALAHAYFAQYHDPDDEPVADPYDQSFESRDLLIDEWKSLTYDEVISFVPPP,c1cc(F)ccc1Oc(c2)c(=O)n(C)c(c23)nc(nc3)NC4CCOCC4,c1ccccc1Oc(c2)c(=O)n(C)c(c23)nc(nc3)NC4CCOCC4,7.853871964,6.974694135,0.87917783,4.82,4.59,6.68901,6.53412,5.974508286,5.101466179,7.405902707,7.502453998,49.10036014,44.97104972,75.94232727,77.71876709,5.58,5.706,-0.096551291,0.975729121,4.12931042,-3.25013259,0.23,0.64917783,0.15489,0.72428783,0.873042107,0.006135723,3.77452837,-2.89535054,-1.77643982,2.65561765,-0.126,1.00517783,0.38,0.49917783,0.64,0.23917783,-11.684,-10.043,39.46808089,35.49151929
3OQK,GNTTSSVILTNYMDTQYYGEIGIGTPPQTFKVVFDTGSSNVWVPSSKCSRLYTACVYHKLFDASDSSSYKHNGTELTLRYSTGTVSGFLSQDIITVGGITVTQMFGEVTEMPALPFMLAEFDGVVGMGFIEQAIGRVTPIFDNIISQGVLKEDVFSFYYNRDSENSQSLGGQIVLGGSDPQHYEGNFHYINLIKTGVWQIQMKGVSVGSSTLLCEDGCLALVDTGASYISGSTSSIEKLMEALGAKKRLFDYVVKCNEGPTLPDISFHLGGKEYTLTSADYVFQESYSSKKLCTLAIHAMDIPPPTGPTWALGATFIRKFYTEFDRRNNRIGFALAR,C1C[NH2+]CCN1C(=O)c2c(n(c(c23)cccc3)-c4ccccc4)Oc5cc(F)ccc5,C1C[NH2+]CCN1C(=O)c2c(Oc(cc3C)ccc3)n(c(c24)cccc4)-c5ccccc5,7.200659451,6.111820506,1.088838944,4.72,4.72,5.18173,5.07521,6.905382156,6.243980408,6.488134984,6.667636262,56.31103289,57.78447451,33.64925227,34.09266369,5.52,5.701,-0.179501278,1.268340222,-1.47344162,2.562280564,0,1.088838944,0.10652,0.982318944,0.661401748,0.427437196,0.188395255,0.900443689,-0.44341142,1.532250364,-0.181,1.269838944,0.21,0.878838944,0.99,0.098838944,-4.295,-5.188,26.45577786,27.55970408
4DKO,VWKDADTTLFCASDAKAHETEVHNVWATHACVPTDPNPQEIHLENVTENFNMWKNNMVEQMQEDVISLWDQSLQPCVKLTGGSVIKQACPKISFDPIPIHYCTPAGYVILKCNDKNFNGTGPCKNVSSVQCTHGIKPVVSTQLLLNGSLAEEEIIIRSENLTNNAKTIIVHLNKSVEINCTRPSNGDIRKAYCEINGTKWNKVLKQVTEKLKEHFNNKTIIFQPPSGGDLEITMHSFNCRGEFFYCNTTQLFNNTCINGTITLPCKIKQIINMWQGTGQAMYAPPIDGKINCVSNITGILLTRDGGANNTSNETFRPGGGNIKDNWRSELYKYKVVQIE,Fc1c(Cl)ccc(c1)NC(=O)C(=O)N[C@H](CC2(C)C)CC(C)(C)[N@H+]2C,c1cc(Cl)ccc1NC(=O)C(=O)N[C@H](CC2(C)C)CC(C)(C)[N@H+]2C,6.119186408,5.431798276,0.687388132,6.13,5.82,6.11262,6.07748,6.285124302,7.085195541,4.532524904,5.158791942,38.63686273,38.41713722,14.7164855,13.07970323,4.288,4.086,-0.626267038,1.31365517,0.21972551,0.467662622,0.31,0.377388132,0.03514,0.652248132,-0.800071239,1.487459371,0.407699106,0.279689026,1.63678227,-0.949394138,0.202,0.485388132,0.4,0.287388132,0.88,-0.192611868,-8.864,-7.336,21.8572155,22.61060959
1OYT,IVEGSDAEIGMSPWQVMLFRKSPQELLCGASLISDRWVLTAAHCLLYPPWDKNFTENDLLVRIGKHSRTRYERNIEKISMLEKIYIHPRYNWRENLDRDIALMKLKKPVAFSDYIHPVCLPDRETAASLLQAGYKGRVTGWGNLKETGQPSVLQVVNLPIVERPVCKDSTRIRITDNMFCAGYKPDEGKRGDACEGDSGGPFVMKSPFNNRWYQMGIVSWGEGCDRDGKYGFYTHVFRLKKWIQKVIDQF,NC(=[NH2+])c1ccc(cc1)[C@H](N2[C@H]3CCC2)[C@H]([C@H]34)C(=O)N(C4=O)Cc5ccc(F)cc5,NC(=[NH2+])c1ccc(cc1)[C@H](N2[C@H]3CCC2)[C@H]([C@H]34)C(=O)N(C4=O)Cc5ccccc5,7.244125144,6.508638306,0.735486838,5.14,4.98,6.62801,6.79232,6.777254105,6.239192009,8.426048938,8.126251426,51.13183468,52.05656037,36.85698879,39.78183247,5.777,6.377,0.299797512,0.435689326,-0.92472569,1.660212528,0.16,0.575486838,-0.16431,0.899796838,0.538062096,0.197424742,1.075913526,-0.340426688,-2.92484368,3.660330518,-0.6,1.335486838,0.04,0.695486838,1.12,-0.384513162,-10.13,-9.67,22.3438793,21.72430979
,,,,,,,,,,,,,,,,,,,,,,,,,,,,,,,,,,,,,,,,,,,,
Supplementary Data 5. The prediction results of PBCNet2.0 and baselines on the F-opt set. ,,,,,,,,,,,,,,,,,,,,,,,,,,,,,,,,,,,,,,,,,,,,
,,,,,,,,,,,,,,,,,,,,,,,,,,,,,,,,,,,,,,,,,,,,
,,,,,,,,,,,,,,,,,,,,,,,,,,,,,,,,,,,,,,,,,,,,
,,,,,,,,,,,,,,,,,,,,,,,,,,,,,,,,,,,,,,,,,,,,
,,,,,,,,,,,,,,,,,,,,,,,,,,,,,,,,,,,,,,,,,,,,
,,,,,,,,,,,,,,,,,,,,,,,,,,,,,,,,,,,,,,,,,,,,
,,,,,,,,,,,,,,,,,,,,,,,,,,,,,,,,,,,,,,,,,,,,
,,,,,,,,,,,,,,,,,,,,,,,,,,,,,,,,,,,,,,,,,,,,
,,,,,,,,,,,,,,,,,,,,,,,,,,,,,,,,,,,,,,,,,,,,
